<?xml version="1.0" encoding="UTF-8"?>
<project-private xmlns="http://www.netbeans.org/ns/project-private/1">
    <editor-bookmarks xmlns="http://www.netbeans.org/ns/editor-bookmarks/1"/>
    <editor-bookmarks xmlns="http://www.netbeans.org/ns/editor-bookmarks/2" lastBookmarkId="0"/>
    <open-files xmlns="http://www.netbeans.org/ns/projectui-open-files/2">
        <group>
            <file>file:/D:/java-2020-122/College%20admission%20management/src/collegeadmissionmanagement/Databaseconnector.java</file>
            <file>file:/D:/java-2020-122/College%20admission%20management/src/collegeadmissionmanagement/Adminregister.java</file>
            <file>file:/D:/java-2020-122/College%20admission%20management/src/collegeadmissionmanagement/Studentapplication.java</file>
            <file>file:/D:/java-2020-122/College%20admission%20management/src/collegeadmissionmanagement/Homepage.java</file>
            <file>file:/D:/java-2020-122/College%20admission%20management/src/collegeadmissionmanagement/Studentmenu.java</file>
            <file>file:/D:/java-2020-122/College%20admission%20management/src/collegeadmissionmanagement/Adminmainpage.java</file>
        </group>
    </open-files>
</project-private>
